"","Country","Study","Manip_Weights","Weights","Max_Depth_cm","Lat","Long","Items_kg","HFI","soil_type","Elevation_m","x","y"
"1","China","1","N",1,5,39.907,116.431,19154.56,0.889557123184204,7387.77197265625,44.160099029541,9086569.04923848,4437455.9376044
"2","China","1","N",1,5,39.87,116.386,7331.57,0.921089649200439,7150.02734375,47.5199813842773,9085736.87834234,4433341.72531856
"3","China","1","N",1,5,39.906,116.348,5355.36,0.874814927577972,7001,56.8291091918945,9080163.94883384,4437344.74267776
"4","China","1","N",1,5,39.948,116.392,16017.96,0.884458541870117,7001,49.4235153198242,9080553.37538899,4442014.92959683
"5","China","1","N",1,5,39.913,116.469,11118.49,0.871676564216614,7001,40.5877075195312,9089099.60714952,4438123.10716427
"6","China","1","N",1,5,39.856,116.392,7800,0.909261226654053,7001,46.5703048706055,9087218.74053811,4431784.99634553
"7","China","1","N",1,5,39.905,116.303,14043.26,0.884213626384735,7864.95458984375,66.1673431396484,9076724.40678295,4437233.54775112
"8","China","1","N",1,5,39.967,116.388,29720.28,0.879763245582581,7001,50.7279014587402,9078863.21788298,4444127.63320308
"9","China","1","N",1,5,39.915,116.484,15637.45,0.854451358318329,7001,39.4461326599121,9090125.13886121,4438345.49701756
"10","China","1","N",1,5,39.832,116.396,38367.08,0.904166996479034,7349.849609375,43.745922088623,9089267.78245452,4429116.31810606
"11","China","1","N",1,5,39.896,116.251,8253.23,0.88716596364975,7001,79.1428604125977,9073317.36718667,4436232.79341132
"12","China","1","N",1,5,39.988,116.395,13856.93,0.904593765735626,7001,48.4947776794434,9077885.37617503,4446462.72666261
"13","China","1","N",1,5,39.908,116.534,23873.87,0.86187469959259,7367.111328125,35.2400245666504,9094534.88280958,4437567.13253105
"14","China","1","N",1,5,39.759,116.396,23184.54,0.8893963098526,9733.775390625,38.3121604919434,9094545.02064368,4420999.08846101
"15","China","1","N",1,5,39.896,116.219,7366.67,0.92316746711731,7001,102.960945129395,9070819.78733145,4436232.79341132
"16","China","1","N",1,5,40.02,116.395,9664.5,0.84138011932373,11290.1484375,47.407642364502,9075561.99605254,4450020.96431524
"17","China","1","N",1,5,39.913,116.42,13929.11,0.874457597732544,7001,45.3254127502441,9085275.70653433,4438123.10716427
"18","China","1","N",1,5,39.909,116.412,27140.71,0.874457597732544,7001,45.3254127502441,9084941.29898756,4437678.32745769
"19","China","1","N",1,5,39.908,116.37,124086.13,0.896756649017334,7268.88427734375,51.2261695861816,9081736.0110573,4437567.13253105
"20","China","1","N",1,5,39.906,116.356,14185.46,0.887218534946442,7001,54.9614639282227,9080788.29400171,4437344.74267776
"21","China","1","N",1,5,39.907,116.34,31947.92,0.86497837305069,7001,58.6967544555664,9079467.17960342,4437455.9376044
"22","Korea","2","N",1,5,37.4266,127.4154111,240,0.264025956392288,4277,197.639617919922,10135411.787819,4161648.04155524
"23","Korea","2","N",1,5,37.42648889,127.4386806,20,0.322424858808517,4277,192.448028564453,10137271.1385229,4161635.68668694
"24","Korea","2","N",1,5,37.40118056,127.4354889,1440,0.614661872386932,4277,181.351898193359,10138918.6829567,4158821.5287891
"25","Korea","2","N",1,5,37.42253056,127.46305,1580,0.50324821472168,4277,185.340072631836,10139507.1621116,4161195.54047296
"26","Korea","2","N",1,5,37.40056111,127.4631194,2140,0.344370037317276,4277,174.308013916016,10141163.5343425,4158752.64909179
"27","Korea","2","N",1,5,37.37976944,127.4628389,3180,0.32082137465477,4277,163.639862060547,10142702.8011308,4156440.72087132
"28","Korea","2","N",1,5,37.41846944,127.4899611,1140,0.377271175384521,4277,178.387512207031,10141953.1940205,4160743.96453246
"29","Korea","2","N",1,5,37.40411944,127.4917806,280,0.391699582338333,4277,169.025100708008,10143176.4761562,4159148.31733511
"30","Korea","2","N",1,5,37.37856944,127.4900389,620,0.447739720344543,4277,157.093826293945,10144957.3326289,4156307.28695934
"31","Korea","2","N",1,5,37.35681944,127.4896306,0,0.6776522397995,4277,145.203750610352,10146557.9075112,4153888.79730483
"32","Korea","2","N",1,5,37.42343889,127.5181389,380,0.591023027896881,4277,173.220443725586,10143821.1050003,4161296.54216068
"33","Korea","2","N",1,5,37.39943889,127.5199194,2180,0.646107494831085,4277,159.172668457031,10145766.9728534,4158627.86392121
"34","Korea","2","N",1,5,37.3797,127.51855,740,0.658491969108582,4277,145.375717163086,10147141.1616262,4156432.99949561
"35","Korea","2","N",1,5,37.35606944,127.5178306,180,0.727919578552246,4277,136.668395996094,10148858.5804735,4153805.40110984
"36","Korea","2","N",1,5,37.33506944,127.5193111,620,0.759778261184692,4277,126.186782836914,10150552.7321935,4151470.30765031
"37","Korea","2","N",1,5,37.39973889,127.5461111,1720,0.672101020812988,4277,153.061264038086,10147828.2910254,4158661.2223992
"38","Korea","2","N",1,5,37.38615,127.5491306,1280,0.682360410690308,4277,138.94465637207,10149089.8945631,4157150.20677247
"39","Korea","2","N",1,5,37.35706944,127.5449694,480,0.706463277339935,4277,125.287925720215,10150943.3998456,4153916.59603649
"40","Korea","2","N",1,5,37.33456111,127.5449806,1320,0.761716544628143,4277,117.841354370117,10152634.1825717,4151413.78393325
"41","Korea","2","N",1,5,37.31263056,127.5462611,1280,0.726160705089569,4277,112.562522888184,10154381.8030214,4148975.21803472
"42","Korea","2","N",1,5,37.29401944,127.5464306,200,0.729562401771545,4277,110.671455383301,10155791.2497013,4146905.75591155
"43","Korea","2","N",1,5,37.27026944,127.5455194,3420,0.695656418800354,4277,111.882164001465,10157499.2197437,4144264.87640374
"44","Korea","2","N",1,5,37.24728889,127.5445694,640,0.807619869709015,4277,110.493850708008,10159145.4660578,4141709.55583224
"45","Korea","2","N",1,5,37.22683056,127.5454611,260,0.796410322189331,4277,106.87183380127,10160748.6541545,4139434.69332862
"46","Korea","2","N",1,5,37.20456944,127.5447889,640,0.733645081520081,5394.5478515625,100.00560760498,10162361.4545345,4136959.36972319
"47","Korea","2","N",1,5,37.18206111,127.54815,960,0.843310713768005,4277,109.702041625977,10164313.2889632,4134456.55761995
"48","Korea","2","N",1,5,37.40146111,127.5731806,280,0.639990866184235,4277,152.350677490234,10149852.5032987,4158852.72452577
"49","Korea","2","N",1,5,37.37873056,127.5733611,100,0.775281310081482,4277,127.798530578613,10151575.5474158,4156325.20268593
"50","Korea","2","N",1,5,37.35978889,127.5752889,820,0.699762880802155,4277,117.316909790039,10153152.1634787,4154218.98507975
"51","Korea","2","N",1,5,37.33506111,127.5759889,820,0.802044689655304,4277,119.421203613281,10155064.9173952,4151469.38139657
"52","Korea","2","N",1,5,37.31441944,127.5742306,60,0.755530953407288,4277,117.26008605957,10156474.3099195,4149174.1324151
"53","Korea","2","N",1,5,37.29143889,127.57325,500,0.745928287506104,4277,111.653221130371,10158120.2761582,4146618.81184359
"54","Korea","2","N",1,5,37.27063056,127.57415,220,0.772040843963623,4277,111.404884338379,10159752.2382359,4144305.03111565
"55","Korea","2","N",1,5,37.24813889,127.5738806,180,0.801457285881042,4277,108.371124267578,10161416.4659614,4141804.07151989
"56","Korea","2","N",1,5,37.22598056,127.5736389,0,0.734583079814911,4277,101.688499450684,10163057.0597096,4139340.17764097
"57","Korea","2","N",1,5,37.19958889,127.5769889,100,0.707336127758026,4277,104.711814880371,10165299.8428612,4136405.55783129
"58","Korea","2","N",1,5,37.3997,127.6036806,320,0.643173158168793,4277,138.801345825195,10152411.562407,4158656.8980285
"59","Korea","2","N",1,5,37.38001111,127.6006,660,0.727609872817993,4277,117.828735351562,10153646.8094548,4156467.59334924
"60","Korea","2","N",1,5,37.35823056,127.6013389,440,0.713807165622711,4277,123.390815734863,10155342.4516708,4154045.70668971
"61","Korea","2","N",1,5,37.33673889,127.6081111,180,0.624052941799164,4277,128.331405639648,10157495.8496456,4151655.94202059
"62","Korea","2","N",1,5,37.31596944,127.6001806,1320,0.682831525802612,4277,121.957641601562,10158423.907908,4149346.4845514
"63","Korea","2","N",1,5,37.29291944,127.6059111,680,0.768883883953094,4277,114.260276794434,10160609.8678369,4146783.44149224
"64","Korea","2","N",1,5,37.27065,127.6032389,2480,0.776056706905365,4277,111.046920776367,10162067.362848,4144307.19274502
"65","Korea","2","N",1,5,37.25026944,127.5990389,220,0.792595863342285,5336.34619140625,106.248390197754,10163260.6830739,4142040.97787085
"66","Korea","2","N",1,5,37.22526944,127.6006611,80,0.656725764274597,4277,107.393989562988,10165263.0289179,4139261.10470473
"67","Korea","2","N",1,5,37.20208056,127.6016194,540,0.787306010723114,4277,111.062553405762,10167075.8617493,4136682.61889416
"68","Korea","2","N",1,5,37.40188056,127.62975,80,0.466375470161438,4277,148.390319824219,10154321.6696751,4158899.36523775
"69","Korea","2","N",1,5,37.37685,127.6303889,360,0.569798231124878,4277,139.538543701172,10156254.8886771,4156116.09395467
"70","Korea","2","N",1,5,37.35715,127.6301389,240,0.636809527873993,4277,139.483749389648,10157715.7455549,4153925.55389978
"71","Korea","2","N",1,5,37.3349,127.6281694,200,0.715592563152313,4277,137.241622924805,10159230.5926062,4151451.46678194
"72","Korea","2","N",1,5,37.31296944,127.6293111,480,0.847623229026794,4277,128.221054077148,10160968.2493851,4149012.89977146
"73","Korea","2","N",1,5,37.29221111,127.6305194,180,0.796274125576019,4918.0673828125,113.906326293945,10162622.4528127,4146704.67878985
"74","Korea","2","N",1,5,37.2695,127.6309194,160,0.834892511367798,4277,116.032875061035,10164358.0313265,4144179.31857938
"75","Korea","2","N",1,5,37.24855,127.63005,340,0.726026594638824,4277,116.921928405762,10165859.6105419,4141849.78486618
"76","Korea","2","N",1,5,37.22846111,127.6315111,60,0.663975954055786,4277,117.574989318848,10167481.5482054,4139616.00221626
"77","Korea","2","N",1,5,37.20295,127.6304611,680,0.689626812934875,4277,117.413284301758,10169308.8127273,4136779.29621119
"78","Korea","2","N",1,5,37.18256944,127.6297194,1500,0.706225752830505,4277,123.159355163574,10170775.5081976,4134513.08133701
"79","Korea","2","N",1,5,37.39898889,127.6559889,80,0.553126037120819,4277,155.998306274414,10156626.8193877,4158577.82620422
"80","Korea","2","N",1,5,37.37793056,127.6609694,220,0.591755747795105,4277,155.820892333984,10158607.0887265,4156236.24674461
"81","Korea","2","N",1,5,37.35948056,127.6575889,260,0.683283448219299,4277,155.334045410156,10159725.2326512,4154184.70034802
"82","Korea","2","N",1,5,37.33618056,127.6582389,300,0.679072201251984,4277,149.12190246582,10161527.9262119,4151593.8585572
"83","Korea","2","N",1,5,37.31416111,127.6572694,380,0.74219536781311,4277,132.918609619141,10163104.6155281,4149145.4074297
"84","Korea","2","N",1,5,37.29138056,127.6582806,220,0.799652755260468,4277,124.55345916748,10164895.2822607,4146612.32584352
"85","Korea","2","N",1,5,37.2712,127.6566111,140,0.778982043266296,4277,127.555053710938,10166276.5598939,4144368.34995468
"86","Korea","2","N",1,5,37.24718056,127.6593889,1020,0.793865442276001,4277,130.074447631836,10168299.1599263,4141697.51008583
"87","Korea","2","N",1,5,37.22741944,127.6569111,500,0.725495398044586,4277,129.069717407227,10169583.0473621,4139500.17379702
"88","Korea","2","N",1,5,37.20418056,127.6591389,3440,0.707092821598053,4277,125.92497253418,10171501.6253743,4136916.12824012
"89","Korea","2","N",1,5,37.18288889,127.6556194,260,0.681650459766388,4277,129.140380859375,10172815.5567359,4134548.60255633
"90","Korea","2","N",1,5,37.1611,127.6570194,400,0.603987872600555,4277,135.768325805664,10174557.9188561,4132125.78853111
"91","Korea","2","N",1,5,37.38011111,127.6825889,220,0.633453607559204,4277,166.675796508789,10160163.4445041,4156478.71284191
"92","Korea","2","N",1,5,37.35751944,127.6855306,400,0.66199517250061,4277,163.623153686523,10162096.4367981,4153966.63375348
"93","Korea","2","N",1,5,37.33508056,127.6845694,720,0.652220845222473,4277,157.987380981445,10163706.4774684,4151471.54413789
"94","Korea","2","N",1,5,37.31338889,127.6850611,1380,0.693078100681305,4277,142.671356201172,10165375.1783632,4149059.54048344
"95","Korea","2","N",1,5,37.29133056,127.68545,640,0.779248297214508,4277,137.318984985352,10167062.4213925,4146606.76609719
"96","Korea","2","N",1,5,37.27191111,127.6885194,100,0.764904499053955,4277,139.077239990234,10168764.3046152,4144447.42177896
"97","Korea","2","N",1,5,37.24706944,127.6892889,100,0.764160096645355,4277,139.938827514648,10170689.0818179,4141685.15410558
"98","Korea","2","N",1,5,37.22948889,127.6823389,1980,0.75379490852356,4277,134.817077636719,10171453.5916091,4139730.28613796
"99","Korea","2","N",1,5,37.20263056,127.6836194,500,0.626055240631104,4277,134.201919555664,10173568.2773387,4136743.77610382
"100","Korea","2","N",1,5,37.18226111,127.68535,1240,0.412910878658295,4277,143.495758056641,10175231.782378,4134478.79660528
"101","Korea","2","N",1,5,37.16538889,127.6779806,60,0.365217506885529,4277,146.422912597656,10175907.5832266,4132602.69134005
"102","Korea","2","N",1,5,37.14405,127.6778,100,0.31907331943512,4313.126953125,158.079666137695,10177489.930592,4130229.91503182
"103","Korea","2","N",1,5,37.35743056,127.7136,120,0.486472249031067,4277,177.233505249023,10164337.0771024,4153956.7507484
"104","Korea","2","N",1,5,37.33543889,127.7123694,1020,0.485981315374374,4277,166.544082641602,10165892.4290035,4151511.38861596
"105","Korea","2","N",1,5,37.31386944,127.7086306,260,0.563265204429626,4277,153.742095947266,10167215.5154303,4149112.97520544
"106","Korea","2","N",1,5,37.29208889,127.71075,580,0.662042081356049,4277,150.084503173828,10169020.0176935,4146691.08854591
"107","Korea","2","N",1,5,37.2696,127.7136111,220,0.675493955612183,4277,154.440139770508,10170935.984561,4144190.43807205
"108","Korea","2","N",1,5,37.24601944,127.7146806,1120,0.548297345638275,4277,153.091354370117,10172790.3358411,4141568.39943261
"109","Korea","2","N",1,5,37.22606944,127.7115389,680,0.469939917325974,4277,144.927154541016,10174036.0951161,4139350.06064605
"110","Korea","2","N",1,5,37.2037,127.71255,260,0.436515659093857,4277,152.248153686523,10175793.27321,4136862.69240617
"111","Korea","2","N",1,5,37.18156944,127.71115,1760,0.309568583965302,4277,159.59294128418,10177339.5836484,4134401.88641037
"112","Korea","2","N",1,5,37.35453889,127.73705,1000,0.505364298820496,4277,183.904663085938,10166420.8710094,4153635.21171487
"113","Korea","2","N",1,5,37.32966111,127.7368306,980,0.44503128528595,4277,173.745407104492,10168273.8458371,4150868.92879269
"114","Korea","2","N",1,5,37.31388056,127.7416611,80,0.385359913110733,4277,168.503082275391,10169844.3237079,4149114.21169303
"115","Korea","2","N",1,5,37.29021111,127.7384694,1120,0.517524123191833,4277,162.850036621094,10171368.2042533,4146482.28893656
"116","Korea","2","N",1,5,37.27098056,127.7370111,2620,0.557093858718872,4277,162.121597290039,10172695.9013143,4144343.94933997
"117","Korea","2","N",1,5,37.24578056,127.7330389,520,0.459880739450455,4277,165.413726806641,10174270.5399812,4141541.83718853
"118","Korea","2","N",1,5,37.22571944,127.7374806,160,0.638689637184143,4277,170.20637512207,10176128.9644791,4139311.14242172
"119","Korea","2","N",1,5,37.18265,127.5185111,1220,0.770766735076904,4277,111.081619262695,10161907.3263928,4134522.0392003
"120","Korea","2","N",1,5,37.18583889,127.60325,0,0.750816226005554,4277,117.547843933105,10168421.5005999,4134876.62758993
"121","Korea","2","N",1,5,37.40116944,127.6836806,420,0.606717348098755,4277,176.364990234375,10158665.9458953,4158820.29230151
"122","China","3","N",1,10,30.74,114.4,6075,0.845333814620972,11598.458984375,24.5290508270264,9515817.34377179,3418132.04505373
"123","China","3","N",1,10,30.77,114.41,1925,0.821333587169647,11486,25.5452861785889,9514946.00266225,3421467.89285307
"124","China","3","N",1,10,30.78,114.42,2750,0.81648862361908,11486,26.1514282226562,9515209.55892429,3422579.84211952
"125","China","3","N",1,10,30.77,114.43,1925,0.807732582092285,11486,25.8690605163574,9516609.30936668,3421467.89285307
"126","China","3","N",1,10,30.78,114.4,2400,0.842488586902618,11486,26.6504383087158,9513546.35152018,3422579.84211952
"127","China","3","N",1,10,30.83,114.42,1200,0.646008133888245,11842.1572265625,31.7631988525391,9512366.57654601,3428139.58845175
"128","China","3","N",1,10,30.87,114.41,1225,0.623956978321075,11613,36.3393707275391,9509258.03917393,3432587.38551753
"129","China","3","N",1,10,30.96,114.36,925,0.644922375679016,11857.927734375,52.6241836547852,9499971.11409908,3442594.92891554
"130","China","3","N",1,10,30.99,114.35,1925,0.589530766010284,11791.8662109375,63.1328048706055,9497427.18488129,3445930.77671487
"131","China","3","N",1,10,31.01,114.35,2325,0.60149484872818,11795.9384765625,69.8384552001953,9496284.20695533,3448154.67524777
"132","China","3","N",1,10,31.01,114.36,3200,0.521791696548462,11649.96875,68.3282699584961,9497114.66469096,3448154.67524777
"133","China","3","N",1,10,31.06,114.35,4725,0.496228456497192,11780.8984375,81.7870559692383,9493423.85772735,3453714.42157999
"134","China","3","N",1,10,31.07,114.33,2475,0.660228848457336,11692.298828125,88.2911071777344,9491190.97507321,3454826.37084644
"135","China","3","N",1,10,31.07,114.31,2400,0.605075716972351,11765.29296875,92.7931976318359,9489530.66002465,3454826.37084644
"136","China","3","N",1,10,31.09,114.32,3850,0.630119740962982,11754.8525390625,97.8976821899414,9489215.48527683,3457050.26937933
"137","China","3","N",1,10,31.14,114.36,5575,0.586515665054321,11702.28125,103.788558959961,9489668.47985701,3462610.01571156
"138","China","3","N",1,10,30.93,114.36,1725,0.540077090263367,11656.1796875,43.8998603820801,9501682.99085822,3439259.0811162
"139","China","3","N",1,10,30.93,114.36,1850,0.540077090263367,11656.1796875,43.8998603820801,9501682.99085822,3439259.0811162
"140","China","3","N",1,20,30.74,114.4,4200,0.845333814620972,11598.458984375,24.5290508270264,9515817.34377179,3418132.04505373
"141","China","3","N",1,20,30.77,114.41,3275,0.821333587169647,11486,25.5452861785889,9514946.00266225,3421467.89285307
"142","China","3","N",1,20,30.78,114.42,2100,0.81648862361908,11486,26.1514282226562,9515209.55892429,3422579.84211952
"143","China","3","N",1,20,30.77,114.43,2075,0.807732582092285,11486,25.8690605163574,9516609.30936668,3421467.89285307
"144","China","3","N",1,20,30.78,114.4,2375,0.842488586902618,11486,26.6504383087158,9513546.35152018,3422579.84211952
"145","China","3","N",1,20,30.83,114.42,1525,0.646008133888245,11842.1572265625,31.7631988525391,9512366.57654601,3428139.58845175
"146","China","3","N",1,20,30.87,114.41,1325,0.623956978321075,11613,36.3393707275391,9509258.03917393,3432587.38551753
"147","China","3","N",1,20,30.96,114.36,1125,0.644922375679016,11857.927734375,52.6241836547852,9499971.11409908,3442594.92891554
"148","China","3","N",1,20,30.99,114.35,4050,0.589530766010284,11791.8662109375,63.1328048706055,9497427.18488129,3445930.77671487
"149","China","3","N",1,20,31.01,114.35,1425,0.60149484872818,11795.9384765625,69.8384552001953,9496284.20695533,3448154.67524777
"150","China","3","N",1,20,31.01,114.36,875,0.521791696548462,11649.96875,68.3282699584961,9497114.66469096,3448154.67524777
"151","China","3","N",1,20,31.06,114.35,4150,0.496228456497192,11780.8984375,81.7870559692383,9493423.85772735,3453714.42157999
"152","China","3","N",1,20,31.07,114.33,3175,0.660228848457336,11692.298828125,88.2911071777344,9491190.97507321,3454826.37084644
"153","China","3","N",1,20,31.07,114.31,2925,0.605075716972351,11765.29296875,92.7931976318359,9489530.66002465,3454826.37084644
"154","China","3","N",1,20,31.09,114.32,1750,0.630119740962982,11754.8525390625,97.8976821899414,9489215.48527683,3457050.26937933
"155","China","3","N",1,20,31.14,114.36,2650,0.586515665054321,11702.28125,103.788558959961,9489668.47985701,3462610.01571156
"156","China","3","N",1,20,30.93,114.36,1525,0.540077090263367,11656.1796875,43.8998603820801,9501682.99085822,3439259.0811162
"157","China","3","N",1,20,30.93,114.36,1800,0.540077090263367,11656.1796875,43.8998603820801,9501682.99085822,3439259.0811162
"158","China","4","N",1,40,44.7215,82.912,487.966667,0.493790805339813,11525.6943359375,246.987564086914,6209977.35281799,4972803.91193463
"159","China","5","N",1,20,37.1471,118.6893,1085,0.516930520534515,11586,3.65281772613525,9460783.89118074,4130569.05955809
"160","China","5","N",1,20,37.1272,118.79,1158,0.50535374879837,11525.5966796875,3.39688515663147,9470195.59442502,4128356.28051786
"161","China","5","N",1,20,37.2417,118.8834,1124,0.863281428813934,9061.5693359375,0.933503985404968,9469658.55194276,4141088.09961866
"162","China","5","N",1,20,37.2408,118.9248,967,0.804911077022552,9049.0888671875,0.82745772600174,9473019.12246183,4140988.02418468
"163","China","5","N",1,20,37.0913,118.7874,1277,0.676640033721924,10641.9716796875,5.01142120361328,9472484.96263257,4124364.38265132
"164","China","5","N",1,20,37.1637,118.7355,1401,0.64009302854538,11586,2.86924123764038,9463311.35474873,4132414.89534039
"165","China","5","N",1,20,37.1278,118.738,1376,0.63652640581131,11586,3.37691521644592,9466008.31513649,4128422.99747385
"166","China","5","N",1,20,37.1758,118.7102,1629,0.64524233341217,11586,2.96474575996399,9460452.8109023,4133760.35395279
"167","China","5","N",1,20,37.1914,118.8599,1109,0.641071379184723,11385.58984375,1.86385440826416,9471295.53827403,4135494.99480844
"168","China","5","N",1,20,37.1631,118.759,1310,0.548211514949799,11586,2.62561893463135,9465226.09174874,4132348.1783844
"169","China","5","N",1,20,37.2399,118.7331,1499,0.718039691448212,10843.1875,1.79294610023499,9457811.90595524,4140887.9487507
"170","China","5","N",1,20,37.2727,118.8311,1639,0.794415295124054,11515.0546875,0.761907517910004,9463328.56987146,4144535.14234464
"171","China","5","N",1,20,37.2557,118.8779,1598,0.901734292507172,9465.46484375,0.788527071475983,9468242.95356932,4142644.82859169
"172","China","5","N",1,20,37.2611,118.9222,1232,0.800444602966309,9084.9130859375,0.602410972118378,9471394.04772451,4143245.28119557
"173","China","5","N",1,20,37.2389,118.8327,1770,0.709244191646576,11661.291015625,1.18511581420898,9465815.43002596,4140776.75382406
"174","China","5","N",1,20,37.2107,118.8684,1970,0.633765518665314,11436.7861328125,1.34140348434448,9470626.89088714,4137641.05689268
"175","China","5","N",1,20,37.2542,118.9319,1784,0.733096718788147,9717.8505859375,0.65278160572052,9472648.6744454,4142478.03620172
"176","China","5","N",1,20,37.2417,118.8576,1830,0.803789556026459,11766.7216796875,0.997131705284119,9467603.45265523,4141088.09961866
"177","China","5","N",1,20,37.1753,118.6839,1264,0.576233506202698,11585.025390625,3.19426274299622,9458391.66213636,4133704.75648946
"178","China","5","N",1,20,37.2603,118.9068,1519,0.835967063903809,10750.7666015625,0.639378309249878,9470223.4219065,4143156.32525425
"179","China","5","N",1,20,36.962961,119.014117,1839,0.66497665643692,11476,6.13313150405884,9499489.44540806,4110093.73696069
"180","China","5","N",1,20,36.988422,119.051071,1843,0.649451434612274,11478.2392578125,4.74616289138794,9500669.91717307,4112924.87098798
"181","China","5","N",1,20,37.097,118.7337,1760,0.599735021591187,11457.6845703125,4.84357357025146,9467806.66775,4124998.1937332
"182","China","5","N",1,20,37.0614,118.7008,1833,0.64093691110611,11517.5595703125,7.14195775985718,9467655.48905277,4121039.65434465
"183","China","5","N",1,20,37.0926,118.8251,1435,0.539648830890656,10750.7734375,4.85769557952881,9475400.88011597,4124508.93605596
"184","China","5","N",1,20,37.0777,118.8793,1431,0.648085057735443,11522.873046875,5.17845058441162,9480759.35657823,4122852.13164896
"185","China","5","N",1,20,37.1653,118.7464,1834,0.589735627174377,11586,2.78803396224976,9464068.71875021,4132592.80722302
"186","China","5","N",1,20,37.1978,118.8065,1548,0.804889678955078,11328.8447265625,1.72731113433838,9466594.35216888,4136206.64233897
"187","China","5","N",1,20,37.2073,118.8316,2119,0.835968017578125,11384.5341796875,1.53810858726501,9467931.99987864,4137262.99414209
"188","China","5","N",1,20,37.1971,118.8914,1359,0.466470092535019,11586.25390625,1.64338421821594,9473408.07304231,4136128.80589032
"189","China","5","N",1,20,37.0957,118.7524,978,0.641036152839661,11569.369140625,5.13440227508545,9469388.15707671,4124853.64032856
"190","China","5","N",1,20,37.135,118.688,1116,0.600286841392517,11586,3.86568689346313,9461521.66794169,4129223.60094569
"191","China","5","N",1,20,37.1274,118.768,1210,0.578605473041534,11585.93359375,3.3869001865387,9468427.79445729,4128378.51950319
"192","China","5","N",1,20,37.1692,118.8655,858,0.548895537853241,11581.955078125,2.28707242012024,9473289.20463375,4133026.46743693
"193","China","5","N",1,20,37.1712,118.6554,2145,0.580107092857361,11169.7431640625,3.59315133094788,9456405.61962303,4133248.85729022
"194","China","5","N",1,20,37.168,118.7855,1933,0.647238075733185,11234.447265625,2.41603302955627,9466996.9668085,4132893.03352496
"195","China","5","N",1,20,37.2025,118.6851,1667,0.54441910982132,11524,2.74629187583923,9456593.84384914,4136729.2584942
"196","China","5","N",1,20,37.2073,118.8317,814,0.835968017578125,11384.5341796875,1.53810858726501,9467939.96739906,4137262.99414209
"197","China","5","N",1,20,37.2082,118.8729,1559,0.6979700922966,9928.6484375,1.4314671754837,9471159.80851839,4137363.06957607
"198","China","5","N",1,20,37.1987,118.749,1158,0.685519576072693,11586,2.14237403869629,9461950.0092663,4136306.71777295
"199","China","5","N",1,20,37.0166,118.6551,2177,0.769187688827515,11442,10.9160795211792,9467117.50181948,4116058.12163097
"200","China","5","N",1,20,37.0569,118.714,1833,0.603648126125336,11546.8212890625,7.35180902481079,9469020.72497733,4120539.27717475
"201","China","5","N",1,20,37.06,118.7579,1699,0.557493031024933,11585.5390625,6.91877794265747,9472307.05238128,4120883.98144735
"202","China","5","N",1,20,37.0651,118.8014,2345,0.842530786991119,9111.2412109375,6.21440458297729,9475422.34095819,4121451.07557323
"203","China","5","N",1,20,37.0635,118.8307,2122,0.664120018482208,11523,5.95736598968506,9477870.46144796,4121273.1636906
"204","China","5","N",1,20,37.0845,118.6959,2719,0.592866063117981,11516,5.79903364181519,9465660.76694385,4123608.25715014
"205","China","5","N",1,20,37.0891,118.7963,2778,0.71803206205368,11487.94921875,5.24920320510864,9473347.61893795,4124119.7538127
"206","China","5","N",1,20,37.0817,118.8322,1832,0.650079548358917,11029.0947265625,5.28369998931885,9476724.98503801,4123296.91135553
"207","China","5","N",1,20,37.1303,118.7817,3254,0.487553089857101,11553.5419921875,3.39355683326721,9469318.22605584,4128700.98479046
"208","China","5","N",1,20,37.1312,118.8298,1701,0.716416239738464,11450.6474609375,3.4101984500885,9473090.13129999,4128801.06022444
"209","China","5","N",1,20,36.751537,118.7261105,2078,0.79463392496109,9260.826171875,44.9255027770996,9491111.48757018,4086584.46078979
"210","China","5","N",1,20,36.749284,118.767602,4867,0.771204054355621,11151.623046875,47.9971733093262,9494583.72679482,4086333.93862006
"211","China","5","N",1,20,36.74746,118.808703,2087,0.891815483570099,11076,48.0373344421387,9497995.2581873,4086131.11907386
"212","China","5","N",1,20,36.760555,118.816575,1870,0.870020747184753,11076,40.8931007385254,9497721.14855714,4087587.21663827
"213","China","5","N",1,20,36.811209,118.642727,1910,0.756307423114777,11073.0751953125,38.8171463012695,9480332.32464928,4093219.68445252
"214","China","5","N",1,20,36.925541,118.621165,2130,0.853577971458435,11489.5712890625,21.0285663604736,9470713.54337209,4105932.82280565
"215","China","5","N",1,20,36.911356,118.864112,2037,0.850488007068634,11048.9208984375,15.0946159362793,9491093.20591382,4104355.52277119
"216","China","5","N",1,20,36.950718,118.593865,4513,0.803072869777679,10679.8974609375,17.9039688110352,9466792.75206332,4108732.37747378
"217","China","5","N",1,20,36.989614,118.593987,1731,0.658722043037415,11442,14.4803867340088,9464110.56724562,4113057.41534054
"218","China","5","N",1,20,36.991151,118.835634,1846,0.734937906265259,11489.1884765625,9.48969173431396,9483287.99056392,4113228.3219428
"219","China","5","N",1,20,36.789839,118.687173,1823,0.813414514064789,11074.240234375,37.3480110168457,9485358.16533239,4090843.44887013
"220","China","5","N",1,20,36.804239,118.773388,6152,0.797907948493958,11079.4716796875,31.8127727508545,9491254.28540979,4092444.65581381
"221","China","5","N",1,20,36.800751,118.901512,3639,0.89032655954361,10763.4052734375,30.6067409515381,9501733.83518115,4092056.80790967
"222","China","5","N",1,20,36.840853,118.908497,2683,0.829589486122131,10153.1513671875,22.7738456726074,9499518.9227454,4096515.94685797
"223","China","5","N",1,20,36.917908,118.638386,2037,0.801788210868835,11503.068359375,21.1103267669678,9472616.33845968,4105084.07193057
"224","China","5","N",1,20,36.912831,118.733329,2257,0.872626781463623,11080.556640625,17.9914970397949,9480548.3457481,4104519.53528799
"225","China","5","N",1,20,36.916168,118.776164,1603,0.89150071144104,11092.99609375,16.9078712463379,9483737.60539126,4104890.59275821
"226","China","5","N",1,20,36.945285,118.722058,2141,0.865023791790009,11451.1005859375,14.7897148132324,9477402.01973028,4108128.25543732
"227","China","5","N",1,20,36.954107,118.787334,1794,0.899666666984558,11245.6748046875,12.3108768463135,9482001.64374597,4109109.21708017
"228","China","5","N",1,20,36.95022,118.952055,5732,0.721500992774963,11476,8.02347564697266,9495419.93598273,4108677.00240031
"229","China","5","N",1,40,37.1471,118.6893,832,0.516930520534515,11586,3.65281772613525,9460783.89118074,4130569.05955809
"230","China","5","N",1,40,37.1272,118.79,883,0.50535374879837,11525.5966796875,3.39688515663147,9470195.59442502,4128356.28051786
"231","China","5","N",1,40,37.2417,118.8834,439,0.863281428813934,9061.5693359375,0.933503985404968,9469658.55194276,4141088.09961866
"232","China","5","N",1,40,37.2408,118.9248,776,0.804911077022552,9049.0888671875,0.82745772600174,9473019.12246183,4140988.02418468
"233","China","5","N",1,40,37.0913,118.7874,791,0.676640033721924,10641.9716796875,5.01142120361328,9472484.96263257,4124364.38265132
"234","China","5","N",1,40,37.1637,118.7355,838,0.64009302854538,11586,2.86924123764038,9463311.35474873,4132414.89534039
"235","China","5","N",1,40,37.1278,118.738,636,0.63652640581131,11586,3.37691521644592,9466008.31513649,4128422.99747385
"236","China","5","N",1,40,37.1758,118.7102,395,0.64524233341217,11586,2.96474575996399,9460452.8109023,4133760.35395279
"237","China","5","N",1,40,37.1914,118.8599,792,0.641071379184723,11385.58984375,1.86385440826416,9471295.53827403,4135494.99480844
"238","China","5","N",1,40,37.1631,118.759,494,0.548211514949799,11586,2.62561893463135,9465226.09174874,4132348.1783844
"239","China","5","N",1,40,37.2399,118.7331,669,0.718039691448212,10843.1875,1.79294610023499,9457811.90595524,4140887.9487507
"240","China","5","N",1,40,37.2727,118.8311,425,0.794415295124054,11515.0546875,0.761907517910004,9463328.56987146,4144535.14234464
"241","China","5","N",1,40,37.2557,118.8779,409,0.901734292507172,9465.46484375,0.788527071475983,9468242.95356932,4142644.82859169
"242","China","5","N",1,40,37.2611,118.9222,650,0.800444602966309,9084.9130859375,0.602410972118378,9471394.04772451,4143245.28119557
"243","China","5","N",1,40,37.2389,118.8327,600,0.709244191646576,11661.291015625,1.18511581420898,9465815.43002596,4140776.75382406
"244","China","5","N",1,40,37.2107,118.8684,641,0.633765518665314,11436.7861328125,1.34140348434448,9470626.89088714,4137641.05689268
"245","China","5","N",1,40,37.2542,118.9319,436,0.733096718788147,9717.8505859375,0.65278160572052,9472648.6744454,4142478.03620172
"246","China","5","N",1,40,37.2417,118.8576,633,0.803789556026459,11766.7216796875,0.997131705284119,9467603.45265523,4141088.09961866
"247","China","5","N",1,40,37.1753,118.6839,862,0.576233506202698,11585.025390625,3.19426274299622,9458391.66213636,4133704.75648946
"248","China","5","N",1,40,37.2603,118.9068,508,0.835967063903809,10750.7666015625,0.639378309249878,9470223.4219065,4143156.32525425
"249","China","5","N",1,40,36.962961,119.014117,1591,0.66497665643692,11476,6.13313150405884,9499489.44540806,4110093.73696069
"250","China","5","N",1,40,36.988422,119.051071,1739,0.649451434612274,11478.2392578125,4.74616289138794,9500669.91717307,4112924.87098798
"251","China","5","N",1,40,37.097,118.7337,2100,0.599735021591187,11457.6845703125,4.84357357025146,9467806.66775,4124998.1937332
"252","China","5","N",1,40,37.0614,118.7008,1306,0.64093691110611,11517.5595703125,7.14195775985718,9467655.48905277,4121039.65434465
"253","China","5","N",1,40,37.0926,118.8251,1267,0.539648830890656,10750.7734375,4.85769557952881,9475400.88011597,4124508.93605596
"254","China","5","N",1,40,37.0777,118.8793,1326,0.648085057735443,11522.873046875,5.17845058441162,9480759.35657823,4122852.13164896
"255","China","5","N",1,40,37.1653,118.7464,854,0.589735627174377,11586,2.78803396224976,9464068.71875021,4132592.80722302
"256","China","5","N",1,40,37.1978,118.8065,1751,0.804889678955078,11328.8447265625,1.72731113433838,9466594.35216888,4136206.64233897
"257","China","5","N",1,40,37.2073,118.8316,1254,0.835968017578125,11384.5341796875,1.53810858726501,9467931.99987864,4137262.99414209
"258","China","5","N",1,40,37.1971,118.8914,1385,0.466470092535019,11586.25390625,1.64338421821594,9473408.07304231,4136128.80589032
"259","China","5","N",1,40,37.0957,118.7524,1050,0.641036152839661,11569.369140625,5.13440227508545,9469388.15707671,4124853.64032856
"260","China","5","N",1,40,37.135,118.688,1047,0.600286841392517,11586,3.86568689346313,9461521.66794169,4129223.60094569
"261","China","5","N",1,40,37.1274,118.768,1275,0.578605473041534,11585.93359375,3.3869001865387,9468427.79445729,4128378.51950319
"262","China","5","N",1,40,37.1692,118.8655,1765,0.548895537853241,11581.955078125,2.28707242012024,9473289.20463375,4133026.46743693
"263","China","5","N",1,40,37.1712,118.6554,1823,0.580107092857361,11169.7431640625,3.59315133094788,9456405.61962303,4133248.85729022
"264","China","5","N",1,40,37.168,118.7855,911,0.647238075733185,11234.447265625,2.41603302955627,9466996.9668085,4132893.03352496
"265","China","5","N",1,40,37.2025,118.6851,1021,0.54441910982132,11524,2.74629187583923,9456593.84384914,4136729.2584942
"266","China","5","N",1,40,37.2073,118.8317,1353,0.835968017578125,11384.5341796875,1.53810858726501,9467939.96739906,4137262.99414209
"267","China","5","N",1,40,37.2082,118.8729,1222,0.6979700922966,9928.6484375,1.4314671754837,9471159.80851839,4137363.06957607
"268","China","5","N",1,40,37.1987,118.749,1242,0.685519576072693,11586,2.14237403869629,9461950.0092663,4136306.71777295
"269","China","5","N",1,40,37.0166,118.6551,1019,0.769187688827515,11442,10.9160795211792,9467117.50181948,4116058.12163097
"270","China","5","N",1,40,37.0569,118.714,1334,0.603648126125336,11546.8212890625,7.35180902481079,9469020.72497733,4120539.27717475
"271","China","5","N",1,40,37.06,118.7579,1661,0.557493031024933,11585.5390625,6.91877794265747,9472307.05238128,4120883.98144735
"272","China","5","N",1,40,37.0651,118.8014,1599,0.842530786991119,9111.2412109375,6.21440458297729,9475422.34095819,4121451.07557323
"273","China","5","N",1,40,37.0635,118.8307,1362,0.664120018482208,11523,5.95736598968506,9477870.46144796,4121273.1636906
"274","China","5","N",1,40,37.0845,118.6959,1468,0.592866063117981,11516,5.79903364181519,9465660.76694385,4123608.25715014
"275","China","5","N",1,40,37.0891,118.7963,1597,0.71803206205368,11487.94921875,5.24920320510864,9473347.61893795,4124119.7538127
"276","China","5","N",1,40,37.0817,118.8322,1662,0.650079548358917,11029.0947265625,5.28369998931885,9476724.98503801,4123296.91135553
"277","China","5","N",1,40,37.1303,118.7817,1326,0.487553089857101,11553.5419921875,3.39355683326721,9469318.22605584,4128700.98479046
"278","China","5","N",1,40,37.1312,118.8298,1089,0.716416239738464,11450.6474609375,3.4101984500885,9473090.13129999,4128801.06022444
"279","China","5","N",1,40,36.751537,118.7261105,2206,0.79463392496109,9260.826171875,44.9255027770996,9491111.48757018,4086584.46078979
"280","China","5","N",1,40,36.749284,118.767602,1736,0.771204054355621,11151.623046875,47.9971733093262,9494583.72679482,4086333.93862006
"281","China","5","N",1,40,36.74746,118.808703,1485,0.891815483570099,11076,48.0373344421387,9497995.2581873,4086131.11907386
"282","China","5","N",1,40,36.760555,118.816575,1253,0.870020747184753,11076,40.8931007385254,9497721.14855714,4087587.21663827
"283","China","5","N",1,40,36.811209,118.642727,2362,0.756307423114777,11073.0751953125,38.8171463012695,9480332.32464928,4093219.68445252
"284","China","5","N",1,40,36.925541,118.621165,2561,0.853577971458435,11489.5712890625,21.0285663604736,9470713.54337209,4105932.82280565
"285","China","5","N",1,40,36.911356,118.864112,1063,0.850488007068634,11048.9208984375,15.0946159362793,9491093.20591382,4104355.52277119
"286","China","5","N",1,40,36.950718,118.593865,1675,0.803072869777679,10679.8974609375,17.9039688110352,9466792.75206332,4108732.37747378
"287","China","5","N",1,40,36.989614,118.593987,1493,0.658722043037415,11442,14.4803867340088,9464110.56724562,4113057.41534054
"288","China","5","N",1,40,36.991151,118.835634,1742,0.734937906265259,11489.1884765625,9.48969173431396,9483287.99056392,4113228.3219428
"289","China","5","N",1,40,36.789839,118.687173,866,0.813414514064789,11074.240234375,37.3480110168457,9485358.16533239,4090843.44887013
"290","China","5","N",1,40,36.804239,118.773388,2292,0.797907948493958,11079.4716796875,31.8127727508545,9491254.28540979,4092444.65581381
"291","China","5","N",1,40,36.800751,118.901512,2927,0.89032655954361,10763.4052734375,30.6067409515381,9501733.83518115,4092056.80790967
"292","China","5","N",1,40,36.840853,118.908497,2181,0.829589486122131,10153.1513671875,22.7738456726074,9499518.9227454,4096515.94685797
"293","China","5","N",1,40,36.917908,118.638386,1918,0.801788210868835,11503.068359375,21.1103267669678,9472616.33845968,4105084.07193057
"294","China","5","N",1,40,36.912831,118.733329,2217,0.872626781463623,11080.556640625,17.9914970397949,9480548.3457481,4104519.53528799
"295","China","5","N",1,40,36.916168,118.776164,2395,0.89150071144104,11092.99609375,16.9078712463379,9483737.60539126,4104890.59275821
"296","China","5","N",1,40,36.945285,118.722058,2804,0.865023791790009,11451.1005859375,14.7897148132324,9477402.01973028,4108128.25543732
"297","China","5","N",1,40,36.954107,118.787334,3198,0.899666666984558,11245.6748046875,12.3108768463135,9482001.64374597,4109109.21708017
"298","China","5","N",1,40,36.95022,118.952055,1978,0.721500992774963,11476,8.02347564697266,9495419.93598273,4108677.00240031
"299","China","5","N",1,60,37.1471,118.6893,396,0.516930520534515,11586,3.65281772613525,9460783.89118074,4130569.05955809
"300","China","5","N",1,60,37.1272,118.79,371,0.50535374879837,11525.5966796875,3.39688515663147,9470195.59442502,4128356.28051786
"301","China","5","N",1,60,37.2417,118.8834,366,0.863281428813934,9061.5693359375,0.933503985404968,9469658.55194276,4141088.09961866
"302","China","5","N",1,60,37.2408,118.9248,363,0.804911077022552,9049.0888671875,0.82745772600174,9473019.12246183,4140988.02418468
"303","China","5","N",1,60,37.0913,118.7874,439,0.676640033721924,10641.9716796875,5.01142120361328,9472484.96263257,4124364.38265132
"304","China","5","N",1,60,37.1637,118.7355,427,0.64009302854538,11586,2.86924123764038,9463311.35474873,4132414.89534039
"305","China","5","N",1,60,37.1278,118.738,290,0.63652640581131,11586,3.37691521644592,9466008.31513649,4128422.99747385
"306","China","5","N",1,60,37.1758,118.7102,285,0.64524233341217,11586,2.96474575996399,9460452.8109023,4133760.35395279
"307","China","5","N",1,60,37.1914,118.8599,266,0.641071379184723,11385.58984375,1.86385440826416,9471295.53827403,4135494.99480844
"308","China","5","N",1,60,37.1631,118.759,288,0.548211514949799,11586,2.62561893463135,9465226.09174874,4132348.1783844
"309","China","5","N",1,60,37.2399,118.7331,443,0.718039691448212,10843.1875,1.79294610023499,9457811.90595524,4140887.9487507
"310","China","5","N",1,60,37.2727,118.8311,232,0.794415295124054,11515.0546875,0.761907517910004,9463328.56987146,4144535.14234464
"311","China","5","N",1,60,37.2557,118.8779,221,0.901734292507172,9465.46484375,0.788527071475983,9468242.95356932,4142644.82859169
"312","China","5","N",1,60,37.2611,118.9222,221,0.800444602966309,9084.9130859375,0.602410972118378,9471394.04772451,4143245.28119557
"313","China","5","N",1,60,37.2389,118.8327,219,0.709244191646576,11661.291015625,1.18511581420898,9465815.43002596,4140776.75382406
"314","China","5","N",1,60,37.2107,118.8684,424,0.633765518665314,11436.7861328125,1.34140348434448,9470626.89088714,4137641.05689268
"315","China","5","N",1,60,37.2542,118.9319,210,0.733096718788147,9717.8505859375,0.65278160572052,9472648.6744454,4142478.03620172
"316","China","5","N",1,60,37.2417,118.8576,197,0.803789556026459,11766.7216796875,0.997131705284119,9467603.45265523,4141088.09961866
"317","China","5","N",1,60,37.1753,118.6839,204,0.576233506202698,11585.025390625,3.19426274299622,9458391.66213636,4133704.75648946
"318","China","5","N",1,60,37.2603,118.9068,478,0.835967063903809,10750.7666015625,0.639378309249878,9470223.4219065,4143156.32525425
"319","China","5","N",1,60,36.962961,119.014117,793,0.66497665643692,11476,6.13313150405884,9499489.44540806,4110093.73696069
"320","China","5","N",1,60,36.988422,119.051071,681,0.649451434612274,11478.2392578125,4.74616289138794,9500669.91717307,4112924.87098798
"321","China","5","N",1,60,37.097,118.7337,682,0.599735021591187,11457.6845703125,4.84357357025146,9467806.66775,4124998.1937332
"322","China","5","N",1,60,37.0614,118.7008,681,0.64093691110611,11517.5595703125,7.14195775985718,9467655.48905277,4121039.65434465
"323","China","5","N",1,60,37.0926,118.8251,779,0.539648830890656,10750.7734375,4.85769557952881,9475400.88011597,4124508.93605596
"324","China","5","N",1,60,37.0777,118.8793,425,0.648085057735443,11522.873046875,5.17845058441162,9480759.35657823,4122852.13164896
"325","China","5","N",1,60,37.1653,118.7464,547,0.589735627174377,11586,2.78803396224976,9464068.71875021,4132592.80722302
"326","China","5","N",1,60,37.1978,118.8065,789,0.804889678955078,11328.8447265625,1.72731113433838,9466594.35216888,4136206.64233897
"327","China","5","N",1,60,37.2073,118.8316,498,0.835968017578125,11384.5341796875,1.53810858726501,9467931.99987864,4137262.99414209
"328","China","5","N",1,60,37.1971,118.8914,696,0.466470092535019,11586.25390625,1.64338421821594,9473408.07304231,4136128.80589032
"329","China","5","N",1,60,37.0957,118.7524,549,0.641036152839661,11569.369140625,5.13440227508545,9469388.15707671,4124853.64032856
"330","China","5","N",1,60,37.135,118.688,490,0.600286841392517,11586,3.86568689346313,9461521.66794169,4129223.60094569
"331","China","5","N",1,60,37.1274,118.768,338,0.578605473041534,11585.93359375,3.3869001865387,9468427.79445729,4128378.51950319
"332","China","5","N",1,60,37.1692,118.8655,681,0.548895537853241,11581.955078125,2.28707242012024,9473289.20463375,4133026.46743693
"333","China","5","N",1,60,37.1712,118.6554,625,0.580107092857361,11169.7431640625,3.59315133094788,9456405.61962303,4133248.85729022
"334","China","5","N",1,60,37.168,118.7855,449,0.647238075733185,11234.447265625,2.41603302955627,9466996.9668085,4132893.03352496
"335","China","5","N",1,60,37.2025,118.6851,663,0.54441910982132,11524,2.74629187583923,9456593.84384914,4136729.2584942
"336","China","5","N",1,60,37.2073,118.8317,747,0.835968017578125,11384.5341796875,1.53810858726501,9467939.96739906,4137262.99414209
"337","China","5","N",1,60,37.2082,118.8729,376,0.6979700922966,9928.6484375,1.4314671754837,9471159.80851839,4137363.06957607
"338","China","5","N",1,60,37.1987,118.749,460,0.685519576072693,11586,2.14237403869629,9461950.0092663,4136306.71777295
"339","China","5","N",1,60,37.0166,118.6551,641,0.769187688827515,11442,10.9160795211792,9467117.50181948,4116058.12163097
"340","China","5","N",1,60,37.0569,118.714,664,0.603648126125336,11546.8212890625,7.35180902481079,9469020.72497733,4120539.27717475
"341","China","5","N",1,60,37.06,118.7579,1311,0.557493031024933,11585.5390625,6.91877794265747,9472307.05238128,4120883.98144735
"342","China","5","N",1,60,37.0651,118.8014,867,0.842530786991119,9111.2412109375,6.21440458297729,9475422.34095819,4121451.07557323
"343","China","5","N",1,60,37.0635,118.8307,849,0.664120018482208,11523,5.95736598968506,9477870.46144796,4121273.1636906
"344","China","5","N",1,60,37.0845,118.6959,1027,0.592866063117981,11516,5.79903364181519,9465660.76694385,4123608.25715014
"345","China","5","N",1,60,37.0891,118.7963,637,0.71803206205368,11487.94921875,5.24920320510864,9473347.61893795,4124119.7538127
"346","China","5","N",1,60,37.0817,118.8322,855,0.650079548358917,11029.0947265625,5.28369998931885,9476724.98503801,4123296.91135553
"347","China","5","N",1,60,37.1303,118.7817,890,0.487553089857101,11553.5419921875,3.39355683326721,9469318.22605584,4128700.98479046
"348","China","5","N",1,60,37.1312,118.8298,773,0.716416239738464,11450.6474609375,3.4101984500885,9473090.13129999,4128801.06022444
"349","China","5","N",1,60,36.751537,118.7261105,669,0.79463392496109,9260.826171875,44.9255027770996,9491111.48757018,4086584.46078979
"350","China","5","N",1,60,36.749284,118.767602,692,0.771204054355621,11151.623046875,47.9971733093262,9494583.72679482,4086333.93862006
"351","China","5","N",1,60,36.74746,118.808703,1268,0.891815483570099,11076,48.0373344421387,9497995.2581873,4086131.11907386
"352","China","5","N",1,60,36.760555,118.816575,675,0.870020747184753,11076,40.8931007385254,9497721.14855714,4087587.21663827
"353","China","5","N",1,60,36.811209,118.642727,1521,0.756307423114777,11073.0751953125,38.8171463012695,9480332.32464928,4093219.68445252
"354","China","5","N",1,60,36.925541,118.621165,921,0.853577971458435,11489.5712890625,21.0285663604736,9470713.54337209,4105932.82280565
"355","China","5","N",1,60,36.911356,118.864112,857,0.850488007068634,11048.9208984375,15.0946159362793,9491093.20591382,4104355.52277119
"356","China","5","N",1,60,36.950718,118.593865,870,0.803072869777679,10679.8974609375,17.9039688110352,9466792.75206332,4108732.37747378
"357","China","5","N",1,60,36.989614,118.593987,681,0.658722043037415,11442,14.4803867340088,9464110.56724562,4113057.41534054
"358","China","5","N",1,60,36.991151,118.835634,631,0.734937906265259,11489.1884765625,9.48969173431396,9483287.99056392,4113228.3219428
"359","China","5","N",1,60,36.789839,118.687173,933,0.813414514064789,11074.240234375,37.3480110168457,9485358.16533239,4090843.44887013
"360","China","5","N",1,60,36.804239,118.773388,980,0.797907948493958,11079.4716796875,31.8127727508545,9491254.28540979,4092444.65581381
"361","China","5","N",1,60,36.800751,118.901512,1407,0.89032655954361,10763.4052734375,30.6067409515381,9501733.83518115,4092056.80790967
"362","China","5","N",1,60,36.840853,118.908497,1098,0.829589486122131,10153.1513671875,22.7738456726074,9499518.9227454,4096515.94685797
"363","China","5","N",1,60,36.917908,118.638386,1083,0.801788210868835,11503.068359375,21.1103267669678,9472616.33845968,4105084.07193057
"364","China","5","N",1,60,36.912831,118.733329,1264,0.872626781463623,11080.556640625,17.9914970397949,9480548.3457481,4104519.53528799
"365","China","5","N",1,60,36.916168,118.776164,616,0.89150071144104,11092.99609375,16.9078712463379,9483737.60539126,4104890.59275821
"366","China","5","N",1,60,36.945285,118.722058,1764,0.865023791790009,11451.1005859375,14.7897148132324,9477402.01973028,4108128.25543732
"367","China","5","N",1,60,36.954107,118.787334,1036,0.899666666984558,11245.6748046875,12.3108768463135,9482001.64374597,4109109.21708017
"368","China","5","N",1,60,36.95022,118.952055,1141,0.721500992774963,11476,8.02347564697266,9495419.93598273,4108677.00240031
"369","China","6","N",1,10,39.05,111.0333333,3100,0.894587934017181,9241.1279296875,1019.05041503906,8724026.54055143,4342161.88547002
"370","China","6","N",1,10,37.75,109.3166667,1900,0.280212014913559,11324.2802734375,1240.02282714844,8674799.92917892,4197608.48083209
"371","China","6","N",1,10,36.03333333,107.95,1600,0.216194823384285,11327.0009765625,1252.19860839844,8674291.74561096,4006723.85638828
"372","China","6","N",1,10,34.38333333,108.6666667,1750,0.832114934921265,11057.4892578125,456.339691162109,8832187.27390344,3823252.22742476
"373","China","6","N",1,10,33.35,107,2250,0.136226519942284,11861,1152.92895507812,8756511.7505234,3708350.80359603
"374","China","6","N",1,10,32.33333333,109.9833333,1430,0.778056919574738,11857,657.898620605469,9059499.45073956,3595302.62780342
"375","China","6","N",1,10,34.31666667,106.7,3410,0.197044968605042,11094.1064453125,1512.75830078125,8676235.64150189,3815839.23305642
"376","China","6","N",1,10,35.46666667,110.05,2250,0.088193915784359,11300.392578125,1159.39221191406,8878391.3195591,3943713.39869767
"377","China","6","N",1,10,34.43333333,110.5666667,1600,0.169514462351799,11893.1259765625,1091.43640136719,8983583.69774347,3828811.97375699
"378","China","7","N",1,5,30.5,114.48,600,0.876788735389709,10854.2490234375,29.1393756866455,9536051.21344579,3391445.26265904
"379","China","7","N",1,5,30.54,114.46,1050,0.873600542545319,11055.208984375,29.2538070678711,9532129.06466129,3395893.05972482
"380","China","7","N",1,5,30.6,114.47,3150,0.897118866443634,7776.25439453125,28.738597869873,9529572.29349318,3402564.7553235
"381","China","7","N",1,5,30.63,114.47,4500,0.907877862453461,10699.734375,28.0266361236572,9527875.25930856,3405900.60312283
"382","China","7","N",1,5,30.69,114.4,950,0.733238697052002,11222.8056640625,26.2450923919678,9518652.33714463,3412572.29872151
"383","China","7","N",1,5,30.7,114.39,650,0.866570949554443,10116.78515625,25.8633823394775,9517253.67112792,3413684.24798795
"384","China","7","N",1,5,30.72,114.36,12500,0.889495730400085,10658.09765625,25.3774147033691,9513624.23527809,3415908.14652084
"385","China","7","N",1,5,30.73,114.34,1200,0.887479424476624,10766.4697265625,25.7177829742432,9511393.56472162,3417020.09578729
"386","China","7","N",1,5,30.71,114.31,1100,0.882842421531677,11239.3017578125,26.2096767425537,9510031.28098109,3414796.1972544
"387","China","7","N",1,5,30.49,114.25,1100,0.872141122817993,11765.515625,29.1875553131104,9517455.07161423,3390333.3133926
"388","China","7","N",1,5,30.45,114.25,940,0.899405658245087,11445.8076171875,30.2670097351074,9519703.76963299,3385885.51632681
"389","China","7","N",1,5,30.46,114.29,2000,0.889329135417938,11403.1044921875,30.3672275543213,9522474.58642061,3386997.46559326
"390","China","7","N",1,5,30.43,114.31,1800,0.852850019931793,11636.8193359375,31.2810363769531,9525827.11461611,3383661.61779392
"391","China","7","N",1,5,30.38,114.35,1000,0.883625984191895,11103.48828125,31.4718856811523,9531968.35194084,3378101.87146169
"392","China","7","N",1,5,30.46,114.46,200,0.892071485519409,7307.16455078125,29.4130020141602,9536638.73621229,3386997.46559326
"393","China","7","N",1,5,30.45,114.45,400,0.875439047813416,8268.83984375,29.5848941802979,9536368.45894526,3385885.51632681
"394","China","7","N",1,5,30.42,114.44,4400,0.885921061038971,9947.7138671875,29.7648429870605,9537222.79840931,3382549.66852748
"395","China","7","N",1,5,30.43,114.47,500,0.872216522693634,11017.6787109375,28.8761672973633,9539160.43924509,3383661.61779392
"396","China","7","N",1,5,30.46,114.52,550,0.813176453113556,11718.935546875,27.6427135467529,9541637.84790348,3386997.46559326
"397","China","7","N",1,5,30.46,114.54,600,0.808173716068268,10916.171875,27.2001399993896,9543304.2184672,3386997.46559326
"398","Canada","8","N",1,15,44.241917,-79.037276,24.3,0.513288080692291,4844,273.335601806641,-5945538.63045575,4919476.71542966
"399","Canada","8","N",1,15,44.525813,-79.544247,134.6,0.5969278216362,3454,265.784240722656,-5968348.01789165,4951044.51032434
"400","Canada","8","N",1,15,44.11489,-78.838942,358.4,0.642000913619995,4844,280.060302734375,-5937391.3589769,4905351.95748278
"401","Canada","8","N",1,15,44.241976,-79.545071,6.8,0.601069867610931,6986.16015625,247.000961303711,-5983734.0720939,4919483.27593033
"402","Switzerland","9","N",1,5,47.42,8.22,3618.03749,0.838420331478119,9966.0703125,474.598785400391,600164.751443444,5272863.42148498
"403","Switzerland","9","N",1,5,46.45,8.67,2607.594588,0.245647102594376,9977.916015625,1849.49060058594,638982.397012475,5165004.34263975
"404","Switzerland","9","N",1,5,46.966573,7.065524,1108.2277,0.519237160682678,9974.166015625,585.014038085938,518154.011721594,5222444.63948131
"405","Switzerland","9","N",1,5,46.2,8.9,717.0885116,0.463147938251495,9977.0966796875,1066.87158203125,657495.057590487,5137205.61097861
"406","Switzerland","9","N",1,5,46.89,7.41,586.7087822,0.536222696304321,9972,753.25927734375,543818.548645304,5213930.11036336
"407","Switzerland","9","N",1,5,46.39,6.86,521.5189175,0.788316071033478,9664.9033203125,903.17724609375,505874.017954412,5158332.64704108
"408","Switzerland","9","N",1,5,46.82,9.4,456.3290528,0.792907655239105,9978.587890625,1501.18127441406,690330.148668889,5206146.46549824
"409","Switzerland","9","N",1,5,46.47,7.21,391.1391881,0.173418298363686,9983.771484375,1524.95336914062,531278.393690886,5167228.24117264
"410","Switzerland","9","N",1,5,46.502188,6.476711,325.9493235,0.809532284736633,9127.763671875,545.899108886719,477098.318735053,5170807.38347148
"411","Switzerland","9","N",1,5,47.5,8.27,130.3797294,0.73966908454895,9966,449.86865234375,603342.367348955,5281759.01561654
"412","Switzerland","9","N",1,5,46.58,6.28,65.18986469,0.225792407989502,9983,1013.23742675781,462263.67571924,5179459.68310355
"413","Switzerland","9","N",1,5,46.71,8.82,65.18986469,0.506444036960602,9981.3388671875,2069.61157226562,648421.197550539,5193915.02356734
"414","Switzerland","9","N",1,5,47.76,8.49,65.18986469,0.655880272388458,9971.056640625,627.637878417969,617810.083660619,5310669.69654412
"415","Switzerland","9","N",1,5,47.32,8.41,65.18986469,0.537013828754425,9967.9375,501.909149169922,614637.591354735,5261743.92882052
"416","Switzerland","9","N",1,5,47.28,9.25,4.563290528,0.264484822750092,9982.5771484375,1027.44799804688,676292.124757948,5257296.13175474
"417","Switzerland","9","N",1,5,46.802725,6.627818,4.563290528,0.764580249786377,9171.609375,718.225830078125,486823.833007264,5204225.57314046
"418","Switzerland","9","N",1,5,46.75,7.07,3.259493235,0.606594264507294,9967,744.003295898438,519566.385970419,5198362.82063312
"419","Switzerland","9","N",1,5,47.39,9.08,2.607594588,0.664831399917603,9968.9775390625,714.331726074219,663150.29585387,5269527.57368564
"420","Switzerland","9","N",1,5,46.24,6.11,2.607594588,0.84433525800705,7042.62939453125,579.17333984375,451210.211585702,5141653.4080444
"421","Switzerland","9","N",1,5,47.04,7.69,2.607594588,0.496312707662582,9972,697.646301269531,563549.553600816,5230609.34936004
"422","Switzerland","9","N",1,5,47.31,7.15,1.955695941,0.364239543676376,9970.900390625,784.213745117188,522602.580027938,5260631.97955407
"423","Switzerland","9","N",1,5,47.52,8.61,1.303797294,0.657122015953064,9966.1630859375,475.792053222656,628024.037433594,5283982.91414943
"424","Switzerland","9","N",1,5,46.62,9.89,1.303797294,0.129318907856941,7866.390625,2330.07836914062,727712.767317991,5183907.48016933
"425","Switzerland","9","N",1,5,46.64,7.25,1.303797294,0.243811175227165,9983.98828125,1282.59985351562,533357.533130992,5186131.37870222
"426","Switzerland","9","N",1,5,46.94,7.55,1.303797294,0.724055409431458,9967,677.792785644531,553825.591538063,5219489.85669559
"427","Switzerland","9","N",1,5,46.58,9.1,0,0.197638466954231,9982.3310546875,2218.04443359375,669840.676599535,5179459.68310355
"428","Switzerland","9","N",1,5,46.91,9.23,0,0.0252389963716269,7077.8876953125,1840.35217285156,677257.224056043,5216154.00889625
"429","Switzerland","9","N",1,5,46.4,7.43,0,0.26668044924736,8302.41796875,1876.04956054688,547855.075080762,5159444.59630753
"430","Switzerland","9","N",1,5,46.77,10.2,0,0.599805593490601,9979.75390625,2205.20849609375,749442.375276171,5200586.71916601
"431","Germany","10","N",1,5,49.332017,10.400916,0.34,0.424041777849197,10229.4248046875,441.313262939453,744974.991938394,5485470.01154312
"432","China","11","N",1,10,31.780556,121.269167,4,0.651918828487396,11656.1962890625,3.92314219474792,10023656.0364839,3533836.59314329
"433","China","11","N",1,10,30.96,121.029722,102.2,0.650726139545441,11664.6298828125,4.67052316665649,10054029.9313347,3442594.92891554
"434","China","11","N",1,10,30.894444,121.396111,10.075,0.801232516765594,11093.2451171875,4.82949733734131,10088435.0344433,3435305.43430443
"446","Mauritius","13","N",1,10,-20.237605,57.4911115,175,0.704315841197968,1931,251.063934326172,5033902.43861706,-2250319.00343656
"447","Mauritius","13","N",1,10,-20.430567,57.634562,96.7,0.582602918148041,1931,200.934341430664,5042712.89545799,-2271775.39887174
"448","Mauritius","13","N",1,20,-20.127692,57.543564,325,0.742342710494995,1931,138.401596069336,5040612.61978233,-2238097.23546427
"449","Mauritius","13","N",1,20,-20.237605,57.4911115,150,0.704315841197968,1931,251.063934326172,5033902.43861706,-2250319.00343656
"450","Mauritius","13","N",1,20,-20.430567,57.634562,83.3,0.582602918148041,1931,200.934341430664,5042712.89545799,-2271775.39887174
"451","China","14","N",1,10,29.8985,121.8841,350,0.876463353633881,8155.97265625,60.3074722290039,10188588.1216202,3324561.51428234
"452","China","14","N",1,10,30.0088,121.6171,425,0.773990631103516,11625.5576171875,22.6957111358643,10159769.6911145,3336826.31469123
"453","China","14","N",1,10,30.207,121.3608,720,0.715835750102997,11236.634765625,19.0088005065918,10126650.2432258,3358865.14915219
"455","China","14","N",1,10,30.297032,121.158907,222.5,0.712486743927002,11585,6.87054300308228,10104471.0920676,3368876.25078785
"456","China","14","N",1,10,30.2356,121.1208,695,0.813168287277222,11498,8.51333999633789,10104932.1207857,3362045.32405422
"457","China","14","N",1,10,30.1304,120.9473,252.5,0.84523993730545,11547.0927734375,15.5602722167969,10096664.6424994,3350347.61777121
"458","China","14","N",1,10,30.0875,120.6882,135,0.757267713546753,11682.1220703125,21.180233001709,10077555.3054524,3345577.35541816
"460","China","14","N",1,10,30.3855,120.7408,95,0.672100961208344,11632.912109375,8.91594219207764,10064365.6834027,3378713.44355824
"461","China","14","N",1,10,30.4249,120.8972,630,0.763213694095612,11518.7373046875,10.4710121154785,10075063.0966223,3383094.52366804
"462","China","14","N",1,10,30.5855,120.9596,135,0.79918646812439,11621.1728515625,6.65932559967041,10070694.5291711,3400952.42888715
"463","China","14","N",1,10,30.6345,121.1224,250,0.775230705738068,11624,6.74787950515747,10081316.2426345,3406400.98029273
"464","China","14","N",1,10,30.9402,121.5377,1007.5,0.855878114700317,11616,4.94478178024292,10097428.975632,3440393.26936798
"465","China","14","N",1,10,30.9259,121.8303,335,0.847720205783844,11588.8818359375,4.05810356140137,10122607.3637868,3438803.18191696
"502","India","16","N",1,5,23.244102,77.386985,100,0.817550897598267,4115.919921875,502.017639160156,6692361.76492032,2584626.21680864
"503","India","16","N",1,5,23.243871,77.384753,30,0.817550897598267,4115.919921875,502.017639160156,6692175.58898656,2584600.53078059
"504","India","16","N",1,5,23.242586,77.38135,170,0.834675192832947,4023.78442382812,502.112731933594,6691919.37752397,2584457.64529985
"505","India","16","N",1,5,23.242237,77.38,150,0.756529450416565,3861.2490234375,502.888031005859,6691812.97099825,2584418.83827045
"506","India","16","N",1,5,23.241542,77.378919,50,0.756529450416565,3861.2490234375,502.888031005859,6691740.07889193,2584341.55779643
"507","India","16","N",1,5,23.240965,77.378225,177,0.756529450416565,3861.2490234375,502.888031005859,6691697.15741387,2584277.39832376
"508","India","16","N",1,5,23.241795,77.373412,10,0.756529450416565,3861.2490234375,502.888031005859,6691256.33702398,2584369.69011287
"509","India","16","N",1,5,23.24093,77.366083,35,0.609451055526733,3861,503.663330078125,6690648.14964728,2584273.50650132
"510","India","16","N",1,5,23.238217,77.362568,2,0.432328015565872,3861,504.438629150391,6690424.53194362,2583971.83466534
"511","India","16","N",1,5,23.237229,77.360429,5,0.431519329547882,3861,504.525238037109,6690268.81038523,2583861.97407781
"512","India","17","N",1,5,12.4775,74.99456,625,0.815735101699829,3844,48.1378135681152,6725418.19124576,1387434.69720748
"513","India","17","N",1,5,12.48228,74.99455,975,0.815735101699829,3844,48.1378135681152,6725342.12549665,1387966.20895684
"514","India","17","N",1,5,12.48465,74.98891,850,0.812401533126831,3844,47.3065910339355,6724799.0653457,1388229.74093299
"515","India","17","N",1,5,12.49151,74.9882,800,0.804186940193176,3844,48.534065246582,6724627.4555005,1388992.53812977
"516","India","17","N",1,5,12.49968,74.98694,701,0.803100168704987,3844,49.7586669921875,6724385.83875731,1389901.00068046
"517","India","17","N",1,5,12.49047,74.97976,625,0.813478767871857,3844,48.1631698608398,6723886.95751789,1388876.89540606
"519","India","17","N",1,5,12.50399,74.98034,725,0.833130538463593,3844,50.3695907592773,6723726.1074496,1390380.2508143
"520","India","17","N",1,5,12.50253,74.98791,827.5,0.798340022563934,3844,50.9804077148438,6724427.93331207,1390217.90622139
"521","India","17","N",1,5,12.50529,74.99442,720,0.798340022563934,3844,50.9804077148438,6724968.22262925,1390524.80421893
"522","Iran ","18","N",1,3,35.462778,51.323889,457.5,0.727399885654449,4771.6533203125,1018.12329101562,4140717.27738266,3943280.99832227
"523","Iran ","18","N",1,3,35.463333,51.316944,495,0.722217440605164,4744.7412109375,1018.94396972656,4140140.93331456,3943342.71150656
"524","Iran ","18","N",1,3,35.466389,51.341944,442.5,0.760225653648376,3904.53369140625,1021.28125,4142069.54353887,3943682.52320238
"525","Iran ","18","N",1,3,35.464444,51.317778,1375,0.745389699935913,4594.17041015625,1021.35809326172,4140176.12017848,3943466.24907006
"526","Iran ","18","N",1,3,35.445833,51.323889,520,0.696474075317383,3609.35400390625,1012.91357421875,4141206.78733218,3941396.80029028
"527","Iran ","18","N",1,3,35.4625,51.324167,410,0.727399885654449,4771.6533203125,1018.12329101562,4140747.73850659,3943250.08613266
"528","Iran ","18","N",1,3,35.457222,51.330833,732.5,0.728905856609344,3638.9501953125,1015.56591796875,4141438.05333557,3942663.19930983
"529","Iran ","18","N",1,3,35.461389,51.329722,2130,0.717352628707886,3671.1865234375,1018.21832275391,4141228.01100069,3943126.54856916
"530","Iran ","18","N",1,3,35.461667,51.315833,1760,0.722217440605164,4744.7412109375,1018.94396972656,4140099.43001079,3943157.46075877
"531","Iran ","18","N",1,3,35.465556,51.323056,550,0.73793888092041,4256.02880859375,1020.54034423828,4140569.80305499,3943589.89782849
"532","Iran ","18","N",1,3,35.466111,51.325,720,0.73793888092041,4256.02880859375,1020.54034423828,4140710.60056245,3943651.61101278
"533","Iran ","18","N",1,3,35.467778,51.323333,1212.5,0.73793888092041,4256.02880859375,1020.54034423828,4140527.94222092,3943836.97295549
"534","Iran ","18","N",1,3,35.466667,51.322222,450,0.745389699935913,4594.17041015625,1021.35809326172,4140470.41577359,3943713.43539199
"535","Iran ","18","N",1,3,35.465833,51.318333,510,0.745389699935913,4594.17041015625,1021.35809326172,4140180.7640713,3943620.69882317
"536","Iran ","18","N",1,6,35.462778,51.323889,240,0.727399885654449,4771.6533203125,1018.12329101562,4140717.27738266,3943280.99832227
"537","Iran ","18","N",1,6,35.463333,51.316944,315,0.722217440605164,4744.7412109375,1018.94396972656,4140140.93331456,3943342.71150656
"538","Iran ","18","N",1,6,35.466389,51.341944,215,0.760225653648376,3904.53369140625,1021.28125,4142069.54353887,3943682.52320238
"539","Iran ","18","N",1,6,35.464444,51.317778,495,0.745389699935913,4594.17041015625,1021.35809326172,4140176.12017848,3943466.24907006
"540","Iran ","18","N",1,6,35.445833,51.323889,175,0.696474075317383,3609.35400390625,1012.91357421875,4141206.78733218,3941396.80029028
"541","Iran ","18","N",1,6,35.4625,51.324167,200,0.727399885654449,4771.6533203125,1018.12329101562,4140747.73850659,3943250.08613266
"542","Iran ","18","N",1,6,35.457222,51.330833,295,0.728905856609344,3638.9501953125,1015.56591796875,4141438.05333557,3942663.19930983
"543","Iran ","18","N",1,6,35.461389,51.329722,625,0.717352628707886,3671.1865234375,1018.21832275391,4141228.01100069,3943126.54856916
"544","Iran ","18","N",1,6,35.461667,51.315833,490,0.722217440605164,4744.7412109375,1018.94396972656,4140099.43001079,3943157.46075877
"545","Iran ","18","N",1,6,35.465556,51.323056,157.5,0.73793888092041,4256.02880859375,1020.54034423828,4140569.80305499,3943589.89782849
"546","Iran ","18","N",1,6,35.466111,51.325,255,0.73793888092041,4256.02880859375,1020.54034423828,4140710.60056245,3943651.61101278
"547","Iran ","18","N",1,6,35.467778,51.323333,400,0.73793888092041,4256.02880859375,1020.54034423828,4140527.94222092,3943836.97295549
"548","Iran ","18","N",1,6,35.466667,51.322222,160,0.745389699935913,4594.17041015625,1021.35809326172,4140470.41577359,3943713.43539199
"549","Iran ","18","N",1,6,35.465833,51.318333,485,0.745389699935913,4594.17041015625,1021.35809326172,4140180.7640713,3943620.69882317
"815","Spain","21","N",1,10,37.879414,-0.841801,3000,0.721526801586151,9712,98.3097076416016,-66736.1194646526,4211998.66106887
"816","Spain","21","N",1,10,37.819689,-0.867045,3600,0.70056426525116,9712,76.1934127807617,-68768.240376883,4205357.54407502
"817","Spain","21","N",1,10,37.739283,-1.036445,4200,0.754570662975311,9712,104.828048706055,-82253.4618296273,4196416.80480324
"818","Spain","21","N",1,10,37.889814,-0.803058,3500,0.79784893989563,9712,83.0767059326172,-63659.6836040761,4213155.08830597
"819","Spain","21","N",1,10,37.874983,-0.79808,2550,0.805964171886444,9712,74.9267196655273,-63272.1222115077,4211505.95634891
"820","Spain","21","N",1,10,37.850395,-0.789054,1500,0.803351163864136,9680.8447265625,61.7219772338867,-62568.0920575219,4208771.89549257
"821","Brazil","22","N",1,50,-22.31435,-49.072865,4259,0.857528030872345,7001,552.919311523438,-4260921.90526408,-2481242.51137101
"822","Brazil","22","N",1,50,-22.310476,-49.056378,1304,0.832597672939301,10670.1513671875,552.731323242188,-4259560.37719122,-2480811.74222519
"823","Brazil","22","N",1,50,-22.31592,-49.07374,1852,0.851639986038208,7001,552.221313476562,-4260969.49298933,-2481417.08740584
"824","Brazil","22","N",1,100,-22.31435,-49.072865,755,0.857528030872345,7001,552.919311523438,-4260921.90526408,-2481242.51137101
"825","Brazil","22","N",1,100,-22.310476,-49.056378,592,0.832597672939301,10670.1513671875,552.731323242188,-4259560.37719122,-2480811.74222519
"826","Brazil","22","N",1,100,-22.31592,-49.07374,195,0.851639986038208,7001,552.221313476562,-4260969.49298933,-2481417.08740584
"827","Brazil","22","N",1,150,-22.31435,-49.072865,780,0.857528030872345,7001,552.919311523438,-4260921.90526408,-2481242.51137101
"828","Brazil","22","N",1,150,-22.310476,-49.056378,577,0.832597672939301,10670.1513671875,552.731323242188,-4259560.37719122,-2480811.74222519
"829","Brazil","22","N",1,150,-22.31592,-49.07374,585,0.851639986038208,7001,552.221313476562,-4260969.49298933,-2481417.08740584
"830","Brazil","22","N",1,200,-22.31435,-49.072865,1764,0.857528030872345,7001,552.919311523438,-4260921.90526408,-2481242.51137101
"831","Brazil","22","N",1,200,-22.310476,-49.056378,777,0.832597672939301,10670.1513671875,552.731323242188,-4259560.37719122,-2480811.74222519
"832","Brazil","22","N",1,200,-22.31592,-49.07374,945,0.851639986038208,7001,552.221313476562,-4260969.49298933,-2481417.08740584
"833","Brazil","22","N",1,250,-22.31435,-49.072865,1541,0.857528030872345,7001,552.919311523438,-4260921.90526408,-2481242.51137101
"834","Brazil","22","N",1,250,-22.31592,-49.07374,577,0.851639986038208,7001,552.221313476562,-4260969.49298933,-2481417.08740584
"1075","Portugal","24","N",1,10,40.187147,-8.493147,30000,0.714156568050385,10312.5322265625,122.829406738281,-661341.102652136,4468606.8627191
"1076","Portugal","24","N",1,10,40.168156,-8.449139,38000,0.795482933521271,10298.9150390625,159.041976928711,-658014.756938626,4466495.15986719
"1077","Portugal","24","N",1,10,40.147694,-8.436544,64000,0.600724160671234,10298.9287109375,175.074600219727,-657141.892274974,4464219.88927819
"1078","Portugal","24","N",1,10,40.18085,-8.466564,29000,0.717390537261963,10303.51171875,141.626907348633,-659304.528690645,4467906.66826602
"1079","Portugal","24","N",1,10,40.190056,-8.457436,90000,0.756544649600983,10312.2412109375,140.915267944336,-658544.966584998,4468930.32876071
"1080","Portugal","24","N",1,10,40.216439,-8.433425,53000,0.883041560649872,9049.29296875,143.742858886719,-656535.964828673,4471863.98451037
"1081","Portugal","24","N",1,10,40.224681,-8.398086,63000,0.849800109863281,9766.865234375,158.423751831055,-653741.478742679,4472780.45309578
"1082","Portugal","24","N",1,10,40.235286,-8.42895,24000,0.870139539241791,10224.064453125,143.663726806641,-656088.037878686,4473959.67529284
"1083","Portugal","24","N",1,10,40.208633,-8.405947,109000,0.869218707084656,7170.083984375,159.454559326172,-654437.930767757,4470995.99691298
"1084","Portugal","24","N",1,10,40.185383,-8.490211,21000,0.714156568050385,10312.5322265625,122.829406738281,-661121.860982542,4468410.7148685
"1085","Portugal","24","N",1,10,40.167161,-8.451689,12000,0.737284660339355,10298.5029296875,153.254028320312,-658218.613196708,4466384.52091518
"1086","Portugal","24","N",1,10,40.203464,-8.487428,54000,0.787679672241211,10285.904296875,115.556571960449,-660809.046746137,4470421.23033716
"1087","Portugal","24","N",1,10,40.212767,-8.454519,54000,0.792278170585632,10285.5419921875,130.103256225586,-658197.567428735,4471455.67673973
"1088","Portugal","24","N",1,10,40.196761,-8.456561,51000,0.764886617660522,10306.013671875,137.830581665039,-658441.325414647,4469675.89074386
"1089","Portugal","24","N",1,10,40.227889,-8.409525,195000,0.837590157985687,9447.2119140625,154.017715454102,-654615.03141789,4473137.16642045
"1090","Portugal","24","N",1,10,40.233817,-8.395036,155000,0.806741178035736,10153.123046875,161.772598266602,-653455.987892952,4473796.3299456
"1091","Portugal","24","N",1,10,40.229992,-8.429022,149000,0.875937342643738,10243.626953125,145.205627441406,-656121.60968776,4473371.00935119
"1092","Portugal","24","N",1,10,40.196103,-8.421503,247000,0.848714828491211,9562.9990234375,157.680313110352,-655715.124059138,4469602.72448213
"1093","Portugal","24","N",1,10,40.189625,-8.488875,76000,0.763488590717316,10307.3115234375,120.405128479004,-660995.280331914,4468882.40374732
"1094","Portugal","24","N",1,10,40.161036,-8.455664,68000,0.733312845230103,10298.1923828125,156.338714599609,-658560.600633048,4465703.45198948
"1095","Portugal","24","N",1,10,40.193956,-8.488433,54000,0.763488590717316,10307.3115234375,120.405128479004,-660937.841577661,4469363.98897462
"1096","Portugal","24","N",1,10,40.20995,-8.451258,114000,0.81716376543045,10291.98046875,136.293426513672,-657958.608014157,4471142.44063137
"1097","Portugal","24","N",1,10,40.195797,-8.442736,64000,0.833946347236633,10299,147.755447387695,-657369.98601246,4469568.69883457
"1098","Portugal","24","N",1,10,40.222508,-8.422625,142000,0.887227892875671,9886.8173828125,146.747512817383,-655663.164030304,4472538.82652018
"1099","Portugal","24","N",1,10,40.223186,-8.399372,66000,0.873156189918518,9640.140625,160.176376342773,-653849.454955261,4472614.21668044
"1100","Portugal","24","N",1,10,40.224767,-8.439794,139000,0.858784556388855,10230.5,136.393524169922,-656987.745793017,4472790.01585947
"1101","Portugal","24","N",1,10,40.162164,-8.44645,164000,0.747702360153198,10298.837890625,162.291763305664,-657837.015178864,4465828.87986674
"1102","Portugal","24","N",1,10,40.200072,-8.484661,107000,0.749471783638,10306.310546875,122.943283081055,-660611.641618676,4470044.05714598
"1103","Portugal","24","N",1,10,40.195553,-8.491494,285000,0.776078522205353,10297.6240234375,117.980850219727,-661167.688668511,4469541.56727247
"1104","Portugal","24","N",1,10,40.196067,-8.46,120000,0.764886617660522,10306.013671875,137.830581665039,-658712.768474147,4469598.72146477
"1105","Portugal","24","N",1,10,40.209789,-8.452958,192000,0.81716376543045,10291.98046875,136.293426513672,-658091.811237794,4471124.53824819
"1106","Portugal","24","N",1,10,40.219647,-8.436647,238000,0.872205257415771,10146.953125,142.271209716797,-656769.837502176,4472220.69783505
"1107","Portugal","24","N",1,10,40.216203,-8.424539,89000,0.901112854480743,8003.60009765625,148.289398193359,-655845.441905912,4471837.74250768
"1108","Portugal","24","N",1,10,40.227461,-8.437642,49000,0.870926439762115,10224.48828125,140.799575805664,-656805.980709825,4473089.57499185
"1109","Portugal","24","N",1,10,40.201314,-8.407969,181000,0.874264538288116,7185.31396484375,163.529861450195,-654633.898609555,4470182.16124487
"1110","Portugal","24","N",1,10,40.158111,-8.458931,79000,0.716328978538513,10298,153.305252075195,-658830.531369464,4465378.20682905
"1111","Portugal","24","N",1,10,40.166278,-8.457953,182000,0.737284660339355,10298.5029296875,153.254028320312,-658711.128729112,4466286.33579495
"1112","Portugal","24","N",1,10,40.156286,-8.467278,90000,0.655610918998718,10300.591796875,147.187103271484,-659490.313980294,4465175.27608792
"1113","Portugal","24","N",1,10,40.179767,-8.470083,93000,0.694088697433472,10310.6845703125,136.169158935547,-659584.301712702,4467786.24416046
"1114","Portugal","24","N",1,10,40.197886,-8.460292,102000,0.764886617660522,10306.013671875,137.830581665039,-658725.866095042,4469800.98503633
"1115","Portugal","24","N",1,10,40.221178,-8.430508,192000,0.872205257415771,10146.953125,142.271209716797,-656283.845725143,4472390.93726774
"1116","Portugal","24","N",1,10,40.220025,-8.412897,184000,0.849232852458954,8502.0908203125,151.22380065918,-654918.972541405,4472262.72951732
"1117","Portugal","24","N",1,10,40.240492,-8.444119,148000,0.880796015262604,9426.341796875,133.590728759766,-657241.199409694,4474538.55608095
"1118","Portugal","24","N",1,10,40.197561,-8.4197,74000,0.848714828491211,9562.9990234375,157.680313110352,-655567.050640046,4469764.84668517
"1119","Portugal","24","N",1,10,40.167878,-8.471072,49000,0.573928236961365,10302.0341796875,141.678131103516,-659724.362101898,4466464.24767759
"1120","Portugal","24","N",1,10,40.200725,-8.482678,55000,0.782979547977448,10287.9921875,120.353904724121,-660453.776824524,4470116.66743308
"1121","Portugal","24","N",1,10,40.147953,-8.437483,69000,0.600724160671234,10298.9287109375,175.074600219727,-657213.665914372,4464248.68876419
"1122","Portugal","24","N",1,10,40.200083,-8.462731,144000,0.735416650772095,10306.310546875,132.868148803711,-658904.124017578,4470045.28029017
"1123","Portugal","24","N",1,10,40.177586,-8.4676,87000,0.717390537261963,10303.51171875,141.626907348633,-659402.506733187,4467543.72802545
"1124","Portugal","24","N",1,10,40.224772,-8.419717,96000,0.850558221340179,9631.9775390625,149.611663818359,-655424.844421053,4472790.5718341
"1125","Portugal","24","N",1,10,40.229144,-8.407475,80000,0.837590157985687,9447.2119140625,154.017715454102,-654448.842635342,4473276.71605339
"1126","Portugal","24","N",1,10,40.233619,-8.426144,186000,0.870139539241791,10224.064453125,143.663726806641,-655878.429839,4473774.31335012
"1127","Portugal","24","N",1,10,40.207467,-8.405089,62000,0.869218707084656,7170.083984375,159.454559326172,-654377.271119515,4470866.34362852
"1128","Portugal","24","N",1,10,40.184347,-8.487767,128000,0.714156568050385,10312.5322265625,122.829406738281,-660937.055594767,4468295.51692449
"1129","Portugal","24","N",1,10,40.161825,-8.446417,55000,0.747702360153198,10298.837890625,162.291763305664,-657836.237003456,4465791.1847866
"1130","Portugal","24","N",1,10,40.159847,-8.454933,95000,0.733312845230103,10298.1923828125,156.338714599609,-658509.958709879,4465571.2412217
"1131","Portugal","24","N",1,10,40.194517,-8.459508,103000,0.764886617660522,10306.013671875,137.830581665039,-658682.672086309,4469426.36932847
"1132","Portugal","24","N",1,10,40.193772,-8.465142,42000,0.712389647960663,10312.8818359375,135.787734985352,-659125.301692369,4469343.52910812
"1133","Portugal","24","N",1,10,40.2148,-8.432944,146000,0.883041560649872,9049.29296875,143.742858886719,-656507.178941067,4471681.7360256
"1134","Portugal","24","N",1,10,40.221881,-8.413642,111000,0.849232852458954,8502.0908203125,151.22380065918,-654967.183816494,4472469.10730117
"1135","Portugal","24","N",1,10,40.229342,-8.430144,68000,0.870926439762115,10224.48828125,140.799575805664,-656212.381149759,4473298.73264887
"1136","Portugal","24","N",1,10,40.197564,-8.411158,170000,0.855542480945587,7883.30517578125,162.64274597168,-654901.945374072,4469765.18026995
"1137","Portugal","24","N",1,10,40.209789,-8.486578,150000,0.817970871925354,10283.07421875,117.764518737793,-660709.243702715,4471124.53824819
"1138","Portugal","24","N",1,10,40.171383,-8.452956,101000,0.739428222179413,10298.751953125,150.169342041016,-658294.948962462,4466853.98589547
"1140","Portugal","24","N",1,10,40.284031,-8.472197,137000,0.636426985263824,10305.6298828125,111.268699645996,-659195.29765606,4479379.87199213
"1141","Portugal","24","N",1,10,40.181197,-8.554139,99000,0.560806155204773,10286.5078125,92.4597396850586,-666122.27198848,4467945.25290556
